Age;Annual_Income;Loan_Amount;Loan_Interest_Rate;Employment_Years;Credit_Score;Risk_Status;Predicted_Risk
59;447234;102447;5.71;9;569;Low Risk (Safe);Low Risk (Safe)
49;61302;124994;12.34;25;609;Low Risk (Safe);Low Risk (Safe)
35;379650;30049;9.47;8;431;Low Risk (Safe);Low Risk (Safe)
63;91157;115361;6.34;26;371;Low Risk (Safe);Low Risk (Safe)
28;104917;26082;12;29;486;Low Risk (Safe);Low Risk (Safe)
41;273810;10661;10.68;10;785;Low Risk (Safe);Low Risk (Safe)
59;146646;178484;14.81;17;490;Low Risk (Safe);Low Risk (Safe)
39;395266;12920;7.66;2;721;Low Risk (Safe);Low Risk (Safe)
43;336663;89561;9.34;6;419;Low Risk (Safe);Low Risk (Safe)
31;393054;18946;10.65;26;519;Low Risk (Safe);Low Risk (Safe)
44;383468;26309;10.71;28;750;Low Risk (Safe);Low Risk (Safe)
56;317552;65230;11.32;9;711;Low Risk (Safe);Low Risk (Safe)
60;109379;121822;7.65;5;536;Low Risk (Safe);Low Risk (Safe)
44;75053;171099;13.55;18;705;Low Risk (Safe);Low Risk (Safe)
42;181994;69321;6.84;20;546;Low Risk (Safe);Low Risk (Safe)
22;148723;142028;11.81;9;371;Low Risk (Safe);Low Risk (Safe)
64;322933;188980;6.43;27;305;Low Risk (Safe);Low Risk (Safe)
50;409864;35963;13.69;17;505;Low Risk (Safe);Low Risk (Safe)
58;378800;111757;9.87;12;843;Low Risk (Safe);Low Risk (Safe)
22;356172;180515;12.62;7;686;Low Risk (Safe);Low Risk (Safe)
32;263942;124225;6.56;10;648;Low Risk (Safe);Low Risk (Safe)
42;314480;126400;8.88;2;554;Low Risk (Safe);Low Risk (Safe)
45;379923;14703;13.04;3;644;Low Risk (Safe);Low Risk (Safe)
47;331173;82099;10.22;16;426;Low Risk (Safe);Low Risk (Safe)
48;82265;172932;13.79;28;786;Low Risk (Safe);Low Risk (Safe)
36;415060;41585;10.68;24;682;Low Risk (Safe);Low Risk (Safe)
35;293322;163087;12.71;10;705;Low Risk (Safe);Low Risk (Safe)
23;96197;36958;5.67;22;824;Low Risk (Safe);Low Risk (Safe)
57;437877;36017;6.7;26;575;Low Risk (Safe);Low Risk (Safe)
27;498396;134677;11.77;11;799;Low Risk (Safe);Low Risk (Safe)
41;204782;186422;7.04;23;636;Low Risk (Safe);Low Risk (Safe)
29;210558;153273;7.93;7;780;Low Risk (Safe);Low Risk (Safe)
59;121907;39426;14.49;27;572;Low Risk (Safe);Low Risk (Safe)
38;441020;27778;10.82;29;357;Low Risk (Safe);Low Risk (Safe)
24;252967;186313;12.63;15;627;Low Risk (Safe);Low Risk (Safe)
34;352775;96652;10.75;20;578;Low Risk (Safe);Low Risk (Safe)
46;282604;189436;8.76;9;614;Low Risk (Safe);Low Risk (Safe)
22;332247;136503;8.18;22;773;Low Risk (Safe);Low Risk (Safe)
40;114772;94878;9.21;20;410;Low Risk (Safe);Low Risk (Safe)
48;176108;67056;13.08;12;528;Low Risk (Safe);Low Risk (Safe)
64;134291;29975;9.79;20;455;Low Risk (Safe);Low Risk (Safe)
28;413339;167795;9.28;3;772;Low Risk (Safe);Low Risk (Safe)
55;184828;164351;6.39;15;571;Low Risk (Safe);Low Risk (Safe)
34;332753;152633;9.69;2;301;Low Risk (Safe);Low Risk (Safe)
37;197550;98397;7.36;21;810;Low Risk (Safe);Low Risk (Safe)
56;282050;190225;7.27;2;585;Low Risk (Safe);Low Risk (Safe)
60;482882;43142;6.39;22;312;Low Risk (Safe);Low Risk (Safe)
24;387827;36916;8.89;3;797;Low Risk (Safe);Low Risk (Safe)
22;436858;74324;12.7;6;537;Low Risk (Safe);Low Risk (Safe)
26;180330;186037;8.13;15;393;Low Risk (Safe);Low Risk (Safe)
62;121315;135932;8.47;27;637;Low Risk (Safe);Low Risk (Safe)
24;389978;145720;11.61;10;470;Low Risk (Safe);Low Risk (Safe)
49;438349;176205;7.36;9;766;Low Risk (Safe);Low Risk (Safe)
38;64153;191749;14.02;1;442;Low Risk (Safe);Low Risk (Safe)
46;126325;106059;10.44;16;500;Low Risk (Safe);Low Risk (Safe)
64;290773;108317;9.75;6;479;Low Risk (Safe);Low Risk (Safe)
30;105318;188136;7.08;27;778;Low Risk (Safe);Low Risk (Safe)
56;444030;111459;11.33;4;770;Low Risk (Safe);Low Risk (Safe)
35;402618;135818;7.1;2;607;Low Risk (Safe);Low Risk (Safe)
34;256988;77649;11.18;4;300;Low Risk (Safe);Low Risk (Safe)
43;385463;74674;5.82;1;343;Low Risk (Safe);Low Risk (Safe)
60;175885;154832;8.96;19;397;Low Risk (Safe);Low Risk (Safe)
41;421921;162999;12.46;26;564;Low Risk (Safe);Low Risk (Safe)
36;67368;96475;13.29;25;439;Low Risk (Safe);Low Risk (Safe)
38;196400;71367;8.48;10;780;Low Risk (Safe);Low Risk (Safe)
44;238014;153660;13.09;21;536;Low Risk (Safe);Low Risk (Safe)
61;339450;193305;6.62;22;567;Low Risk (Safe);Low Risk (Safe)
21;261951;92189;14.89;21;531;Low Risk (Safe);Low Risk (Safe)
45;245716;86367;10.11;27;341;Low Risk (Safe);Low Risk (Safe)
27;110279;130585;6.66;24;438;Low Risk (Safe);Low Risk (Safe)
44;416407;121453;8.57;4;780;Low Risk (Safe);Low Risk (Safe)
21;50126;29816;14.97;2;715;Low Risk (Safe);Low Risk (Safe)
64;364473;183312;14.81;25;805;Low Risk (Safe);Low Risk (Safe)
28;77632;147348;11.73;13;723;Low Risk (Safe);Low Risk (Safe)
44;246382;89530;6.73;28;706;Low Risk (Safe);Low Risk (Safe)
31;159945;164571;12.03;1;689;Low Risk (Safe);Low Risk (Safe)
37;367320;118856;6.38;17;641;Low Risk (Safe);Low Risk (Safe)
55;225399;45946;7.49;7;798;Low Risk (Safe);Low Risk (Safe)
25;228954;192958;14.75;9;526;Low Risk (Safe);Low Risk (Safe)
62;194790;25563;8.7;4;670;Low Risk (Safe);Low Risk (Safe)
59;84560;102324;8.32;19;438;Low Risk (Safe);Low Risk (Safe)
27;479460;89671;12.72;4;749;Low Risk (Safe);Low Risk (Safe)
28;228595;93310;14.06;13;403;Low Risk (Safe);Low Risk (Safe)
32;174085;159381;11.69;14;572;Low Risk (Safe);Low Risk (Safe)
54;429862;141691;8.48;10;305;Low Risk (Safe);Low Risk (Safe)
53;331400;191180;7.92;6;446;Low Risk (Safe);Low Risk (Safe)
43;150158;44707;13.28;16;483;Low Risk (Safe);Low Risk (Safe)
57;218502;91537;10.49;17;849;Low Risk (Safe);Low Risk (Safe)
55;482498;188686;7.82;10;418;Low Risk (Safe);Low Risk (Safe)
64;431863;101155;6.57;18;592;Low Risk (Safe);Low Risk (Safe)
60;380388;10281;6.33;27;670;Low Risk (Safe);Low Risk (Safe)
47;368408;180102;9.49;18;517;Low Risk (Safe);Low Risk (Safe)
55;107545;142130;14.1;3;476;Low Risk (Safe);Low Risk (Safe)
55;410089;169476;7.32;27;357;Low Risk (Safe);Low Risk (Safe)
57;63224;170928;11.33;21;568;Low Risk (Safe);Low Risk (Safe)
34;90738;150272;9.64;25;607;Low Risk (Safe);Low Risk (Safe)
23;468366;74178;10.98;28;587;Low Risk (Safe);Low Risk (Safe)
21;375875;43997;12.51;15;404;Low Risk (Safe);Low Risk (Safe)
25;230760;166683;13.16;15;527;Low Risk (Safe);Low Risk (Safe)
59;58070;176129;5.8;27;382;Low Risk (Safe);Low Risk (Safe)
47;176161;142311;12.52;9;485;Low Risk (Safe);Low Risk (Safe)
35;369905;55272;8.49;26;654;Low Risk (Safe);Low Risk (Safe)
35;348512;99393;5.54;19;509;Low Risk (Safe);Low Risk (Safe)
46;187855;71212;11.98;24;746;Low Risk (Safe);Low Risk (Safe)
33;251579;130030;11.73;17;771;Low Risk (Safe);Low Risk (Safe)
52;177738;66503;14.92;11;669;Low Risk (Safe);Low Risk (Safe)
59;296965;147710;6.19;25;791;Low Risk (Safe);Low Risk (Safe)
24;488981;78785;8.73;10;666;Low Risk (Safe);Low Risk (Safe)
57;268967;89141;7.55;20;586;Low Risk (Safe);Low Risk (Safe)
43;358384;22115;8.92;13;771;Low Risk (Safe);Low Risk (Safe)
59;433152;49062;6.15;8;674;Low Risk (Safe);Low Risk (Safe)
35;480364;32911;12.75;7;836;Low Risk (Safe);Low Risk (Safe)
49;316901;42556;12.71;21;549;Low Risk (Safe);Low Risk (Safe)
56;69097;138335;14.08;23;809;Low Risk (Safe);Low Risk (Safe)
33;191467;11969;7.71;15;372;Low Risk (Safe);Low Risk (Safe)
52;197313;53753;13.17;20;581;Low Risk (Safe);Low Risk (Safe)
27;416036;145542;6.06;15;659;Low Risk (Safe);Low Risk (Safe)
42;208768;131863;14.04;1;309;Low Risk (Safe);Low Risk (Safe)
22;382624;133008;13.81;14;451;Low Risk (Safe);Low Risk (Safe)
62;96163;164268;5.5;5;304;Low Risk (Safe);Low Risk (Safe)
26;69816;115823;7.11;11;494;Low Risk (Safe);Low Risk (Safe)
48;493056;23669;9.2;16;582;Low Risk (Safe);Low Risk (Safe)
48;283619;178452;9.11;2;763;Low Risk (Safe);Low Risk (Safe)
64;205989;120677;9.13;11;570;Low Risk (Safe);Low Risk (Safe)
40;146731;58320;6.72;29;462;Low Risk (Safe);Low Risk (Safe)
50;202638;188486;9.42;18;759;Low Risk (Safe);Low Risk (Safe)
48;112823;135354;10.05;26;581;Low Risk (Safe);Low Risk (Safe)
45;201878;98009;5.67;1;461;Low Risk (Safe);Low Risk (Safe)
59;256592;196481;9.5;11;650;Low Risk (Safe);Low Risk (Safe)
53;51759;38625;5.76;16;733;Low Risk (Safe);Low Risk (Safe)
21;307164;34089;14.68;18;439;Low Risk (Safe);Low Risk (Safe)
47;485165;46487;6.71;16;770;Low Risk (Safe);Low Risk (Safe)
33;404518;120448;12.22;23;431;Low Risk (Safe);Low Risk (Safe)
61;183554;60138;14.74;10;386;Low Risk (Safe);Low Risk (Safe)
59;476935;178280;12.14;6;667;Low Risk (Safe);Low Risk (Safe)
26;143501;64061;13.47;19;428;Low Risk (Safe);Low Risk (Safe)
28;314223;171731;14.83;4;545;Low Risk (Safe);Low Risk (Safe)
47;445933;111376;11.4;27;677;Low Risk (Safe);Low Risk (Safe)
29;109676;172962;10.81;13;448;Low Risk (Safe);Low Risk (Safe)
57;471168;89134;11.47;24;732;Low Risk (Safe);Low Risk (Safe)
53;267516;57055;10.56;14;768;Low Risk (Safe);Low Risk (Safe)
62;223532;29508;11.53;3;745;Low Risk (Safe);Low Risk (Safe)
44;122847;168056;7.58;6;593;Low Risk (Safe);Low Risk (Safe)
52;270178;18125;6.15;23;549;Low Risk (Safe);Low Risk (Safe)
52;199521;46059;8;24;601;Low Risk (Safe);Low Risk (Safe)
44;476752;113409;5.94;27;324;Low Risk (Safe);Low Risk (Safe)
61;114077;158159;10.89;14;369;Low Risk (Safe);Low Risk (Safe)
32;350402;15704;8.2;8;411;Low Risk (Safe);Low Risk (Safe)
59;229374;121279;13.33;19;663;Low Risk (Safe);Low Risk (Safe)
57;187717;180954;12.44;17;390;Low Risk (Safe);Low Risk (Safe)
37;431915;166995;11.19;9;829;Low Risk (Safe);Low Risk (Safe)
22;88000;124044;6.11;29;491;Low Risk (Safe);Low Risk (Safe)
22;76737;39165;13.83;6;541;Low Risk (Safe);Low Risk (Safe)
48;323629;77203;13.83;11;437;Low Risk (Safe);Low Risk (Safe)
57;468738;46321;8.73;7;479;Low Risk (Safe);Low Risk (Safe)
52;431758;83297;14.9;17;802;Low Risk (Safe);Low Risk (Safe)
53;377299;106652;11.45;28;502;Low Risk (Safe);Low Risk (Safe)
21;236240;109304;10.55;28;491;Low Risk (Safe);Low Risk (Safe)
39;102487;166498;13.46;1;304;Low Risk (Safe);Low Risk (Safe)
22;442092;27772;8.21;22;536;Low Risk (Safe);Low Risk (Safe)
64;324486;113754;9.58;5;610;Low Risk (Safe);Low Risk (Safe)
46;352950;13712;8.04;9;848;Low Risk (Safe);Low Risk (Safe)
52;360914;142439;13;18;355;Low Risk (Safe);Low Risk (Safe)
52;415321;101736;11.76;27;536;Low Risk (Safe);Low Risk (Safe)
24;443170;61924;7.9;21;496;Low Risk (Safe);Low Risk (Safe)
31;387773;13726;7.59;2;813;Low Risk (Safe);Low Risk (Safe)
37;433137;99152;10.14;29;748;Low Risk (Safe);Low Risk (Safe)
58;233675;37723;12.51;26;659;Low Risk (Safe);Low Risk (Safe)
25;263046;110494;5.81;27;407;Low Risk (Safe);Low Risk (Safe)
54;155947;150180;13.75;28;744;Low Risk (Safe);Low Risk (Safe)
26;338543;45643;6.11;6;737;Low Risk (Safe);Low Risk (Safe)
42;178177;172396;14.58;26;756;Low Risk (Safe);Low Risk (Safe)
53;423048;103680;6.28;18;842;Low Risk (Safe);Low Risk (Safe)
29;257606;106546;14.15;28;738;Low Risk (Safe);Low Risk (Safe)
26;498322;163515;9.91;11;577;Low Risk (Safe);Low Risk (Safe)
49;126218;73449;8.74;15;684;Low Risk (Safe);Low Risk (Safe)
40;295756;35537;7.12;18;789;Low Risk (Safe);Low Risk (Safe)
56;386199;87576;14.51;2;725;Low Risk (Safe);Low Risk (Safe)
39;499589;117522;9.73;22;704;Low Risk (Safe);Low Risk (Safe)
39;89986;176703;11.93;25;321;Low Risk (Safe);Low Risk (Safe)
40;205232;41348;6.75;13;507;Low Risk (Safe);Low Risk (Safe)
52;397739;11177;7.72;4;307;Low Risk (Safe);Low Risk (Safe)
27;151358;145832;12.97;22;828;Low Risk (Safe);Low Risk (Safe)
61;377073;42779;14.72;7;465;Low Risk (Safe);Low Risk (Safe)
53;123506;31636;8;29;795;Low Risk (Safe);Low Risk (Safe)
59;399271;63551;9.99;22;462;Low Risk (Safe);Low Risk (Safe)
60;256111;168670;8.06;4;825;Low Risk (Safe);Low Risk (Safe)
21;425597;152635;9.37;28;538;Low Risk (Safe);Low Risk (Safe)
31;134458;56819;13.97;15;371;Low Risk (Safe);Low Risk (Safe)
48;62175;83770;5.53;1;744;Low Risk (Safe);Low Risk (Safe)
45;431379;168038;5.88;23;808;Low Risk (Safe);Low Risk (Safe)
43;366915;168059;11.24;3;568;Low Risk (Safe);Low Risk (Safe)
51;439301;88714;14.12;14;714;Low Risk (Safe);Low Risk (Safe)
50;171300;199420;7.77;6;544;Low Risk (Safe);Low Risk (Safe)
62;136925;34596;9.96;18;359;Low Risk (Safe);Low Risk (Safe)
55;294446;174246;9.78;25;305;Low Risk (Safe);Low Risk (Safe)
46;97057;97163;9.96;6;325;Low Risk (Safe);Low Risk (Safe)
22;318294;49310;9.75;21;304;Low Risk (Safe);Low Risk (Safe)
21;316569;66088;10.01;16;831;Low Risk (Safe);Low Risk (Safe)
25;328176;149978;10.6;5;747;Low Risk (Safe);Low Risk (Safe)
57;52198;46914;13.61;17;445;Low Risk (Safe);Low Risk (Safe)
52;234466;120350;5.97;10;687;Low Risk (Safe);Low Risk (Safe)
29;463295;55379;13.42;28;548;Low Risk (Safe);Low Risk (Safe)
61;217292;178722;13.52;21;825;Low Risk (Safe);Low Risk (Safe)
55;485090;187953;8.21;18;761;Low Risk (Safe);Low Risk (Safe)
39;194931;56413;9.9;7;312;Low Risk (Safe);Low Risk (Safe)
36;493676;147084;9.67;3;683;Low Risk (Safe);Low Risk (Safe)
23;212491;191187;7.58;13;698;Low Risk (Safe);Low Risk (Safe)
40;431009;17151;9.27;15;318;Low Risk (Safe);Low Risk (Safe)
53;486096;103747;8.14;19;718;Low Risk (Safe);Low Risk (Safe)
31;73236;183724;8.2;4;718;Low Risk (Safe);High Risk (Danger)
28;137955;154539;13.27;5;421;Low Risk (Safe);Low Risk (Safe)
58;153145;131999;13.86;4;343;Low Risk (Safe);Low Risk (Safe)
40;280785;195763;5.78;28;680;Low Risk (Safe);Low Risk (Safe)
45;415014;22289;5.93;24;626;Low Risk (Safe);Low Risk (Safe)
55;257990;186048;9.78;10;662;Low Risk (Safe);Low Risk (Safe)
45;428387;184668;14.33;23;349;Low Risk (Safe);Low Risk (Safe)
55;423640;189785;11.87;20;427;Low Risk (Safe);Low Risk (Safe)
36;442417;170806;7.95;24;697;Low Risk (Safe);Low Risk (Safe)
61;188155;82588;11.91;25;762;Low Risk (Safe);Low Risk (Safe)
56;170674;73646;8.32;13;486;Low Risk (Safe);Low Risk (Safe)
53;432451;13654;12.33;23;489;Low Risk (Safe);Low Risk (Safe)
24;307529;28743;14.56;14;687;Low Risk (Safe);Low Risk (Safe)
53;290469;58368;12.35;23;728;Low Risk (Safe);Low Risk (Safe)
34;460987;147513;13.7;5;583;Low Risk (Safe);Low Risk (Safe)
41;473191;129735;5.52;4;536;Low Risk (Safe);Low Risk (Safe)
40;488864;165683;12.32;14;493;Low Risk (Safe);Low Risk (Safe)
28;306713;129891;13.38;10;586;Low Risk (Safe);Low Risk (Safe)
27;491501;117971;5.89;17;435;Low Risk (Safe);Low Risk (Safe)
23;69063;22149;13.78;10;470;Low Risk (Safe);Low Risk (Safe)
37;117642;110102;7.94;26;458;Low Risk (Safe);Low Risk (Safe)
53;140093;69189;11.82;7;500;Low Risk (Safe);Low Risk (Safe)
32;267215;162747;13.1;16;786;Low Risk (Safe);Low Risk (Safe)
42;480815;81031;11.8;1;803;Low Risk (Safe);Low Risk (Safe)
42;232992;52668;6.38;17;670;Low Risk (Safe);Low Risk (Safe)
50;209601;154745;11.17;21;402;Low Risk (Safe);Low Risk (Safe)
58;85954;98204;10.72;29;424;Low Risk (Safe);Low Risk (Safe)
58;77856;164741;14.05;9;612;Low Risk (Safe);Low Risk (Safe)
47;287804;193321;12.62;13;496;Low Risk (Safe);Low Risk (Safe)
54;411752;47384;9.42;3;722;Low Risk (Safe);Low Risk (Safe)
41;372918;91929;11.64;7;470;Low Risk (Safe);Low Risk (Safe)
50;73752;137959;11.64;22;681;Low Risk (Safe);Low Risk (Safe)
48;198757;85388;11.19;22;752;Low Risk (Safe);Low Risk (Safe)
53;442426;41401;10.27;5;649;Low Risk (Safe);Low Risk (Safe)
25;363837;129503;6.82;10;793;Low Risk (Safe);Low Risk (Safe)
24;368105;44084;6.97;17;392;Low Risk (Safe);Low Risk (Safe)
55;288009;120641;7.13;12;305;Low Risk (Safe);Low Risk (Safe)
37;306028;115111;11.56;23;587;Low Risk (Safe);Low Risk (Safe)
64;257980;196898;12.54;16;445;Low Risk (Safe);Low Risk (Safe)
48;306609;177523;10.53;3;723;Low Risk (Safe);Low Risk (Safe)
50;438822;148299;13.38;25;756;Low Risk (Safe);Low Risk (Safe)
61;373412;75681;10.56;15;675;Low Risk (Safe);Low Risk (Safe)
44;238456;137556;6.3;23;405;Low Risk (Safe);Low Risk (Safe)
49;81653;36160;9.29;13;700;Low Risk (Safe);Low Risk (Safe)
51;207729;27633;14.15;14;395;Low Risk (Safe);Low Risk (Safe)
55;483168;27014;13.18;20;687;Low Risk (Safe);Low Risk (Safe)
53;465396;90532;7.55;15;751;Low Risk (Safe);Low Risk (Safe)
41;278504;59104;9.93;16;715;Low Risk (Safe);Low Risk (Safe)
52;171829;182693;13.26;23;803;Low Risk (Safe);Low Risk (Safe)
53;51622;78388;9.18;17;590;Low Risk (Safe);Low Risk (Safe)
23;98756;26014;13.59;23;833;Low Risk (Safe);Low Risk (Safe)
38;90809;102578;9.34;8;492;Low Risk (Safe);Low Risk (Safe)
45;66725;174827;6.24;21;449;Low Risk (Safe);Low Risk (Safe)
62;242468;50390;10.65;2;814;Low Risk (Safe);Low Risk (Safe)
51;101226;33711;13.69;5;692;Low Risk (Safe);Low Risk (Safe)
23;131182;101658;11.11;6;615;Low Risk (Safe);Low Risk (Safe)
60;79402;67993;7.65;12;375;Low Risk (Safe);Low Risk (Safe)
44;54263;168285;9.15;18;569;Low Risk (Safe);Low Risk (Safe)
42;227900;17421;11;22;829;Low Risk (Safe);Low Risk (Safe)
43;97924;27727;12.71;1;412;Low Risk (Safe);Low Risk (Safe)
47;274137;14358;13.95;11;532;Low Risk (Safe);Low Risk (Safe)
62;454880;75108;5.62;10;382;Low Risk (Safe);Low Risk (Safe)
46;413476;134457;5.76;14;474;Low Risk (Safe);Low Risk (Safe)
37;401707;173189;9.23;26;368;Low Risk (Safe);Low Risk (Safe)
60;210445;41910;10.5;10;346;Low Risk (Safe);Low Risk (Safe)
53;217469;136888;10.36;15;555;Low Risk (Safe);Low Risk (Safe)
29;440719;65754;7.07;28;329;Low Risk (Safe);Low Risk (Safe)
63;151371;119847;11.63;19;580;Low Risk (Safe);Low Risk (Safe)
59;88709;170443;5.93;4;536;Low Risk (Safe);Low Risk (Safe)
49;242192;192573;12.74;2;547;Low Risk (Safe);Low Risk (Safe)
62;200322;48467;14.49;9;667;Low Risk (Safe);Low Risk (Safe)
46;71172;158697;8.73;10;794;Low Risk (Safe);Low Risk (Safe)
55;61555;43893;10.41;28;324;Low Risk (Safe);Low Risk (Safe)
45;103276;86329;9.1;11;789;Low Risk (Safe);Low Risk (Safe)
44;107492;41007;5.56;14;793;Low Risk (Safe);Low Risk (Safe)
27;306010;64253;13.02;23;674;Low Risk (Safe);Low Risk (Safe)
56;401743;22323;11.16;15;324;Low Risk (Safe);Low Risk (Safe)
40;272320;121335;6.46;22;633;Low Risk (Safe);Low Risk (Safe)
21;467978;122356;13.55;19;654;Low Risk (Safe);Low Risk (Safe)
36;278071;155282;13.5;15;347;Low Risk (Safe);Low Risk (Safe)
32;471985;41367;10.82;24;758;Low Risk (Safe);Low Risk (Safe)
43;234374;64624;6.5;8;822;Low Risk (Safe);Low Risk (Safe)
35;466366;151178;7.09;11;704;Low Risk (Safe);Low Risk (Safe)
54;170900;135926;7.67;9;802;Low Risk (Safe);Low Risk (Safe)
22;465008;125395;14.79;15;747;Low Risk (Safe);Low Risk (Safe)
52;109129;126492;10.55;1;557;Low Risk (Safe);Low Risk (Safe)
43;287091;82240;6.79;1;420;Low Risk (Safe);Low Risk (Safe)
45;294883;20756;7.48;3;630;Low Risk (Safe);Low Risk (Safe)
42;164130;46378;14.29;10;540;Low Risk (Safe);Low Risk (Safe)
42;475203;145327;9.43;8;829;Low Risk (Safe);Low Risk (Safe)
62;196922;155556;9.26;15;782;Low Risk (Safe);Low Risk (Safe)
35;171789;66549;6.9;1;561;Low Risk (Safe);Low Risk (Safe)
63;205130;175575;10.13;29;663;Low Risk (Safe);Low Risk (Safe)
53;88890;55113;13.44;2;730;Low Risk (Safe);Low Risk (Safe)
28;116017;84069;9.02;19;538;Low Risk (Safe);Low Risk (Safe)
64;228376;146321;9.06;13;603;Low Risk (Safe);Low Risk (Safe)
64;213993;160273;10;22;597;Low Risk (Safe);Low Risk (Safe)
25;182596;135541;9.72;1;375;Low Risk (Safe);Low Risk (Safe)
24;327192;19686;10.68;29;773;Low Risk (Safe);Low Risk (Safe)
26;478327;63363;6.34;16;582;Low Risk (Safe);Low Risk (Safe)
50;367056;141733;6.94;13;562;Low Risk (Safe);Low Risk (Safe)
55;84008;185915;5.79;16;311;Low Risk (Safe);Low Risk (Safe)
60;443276;105673;14.72;17;440;Low Risk (Safe);Low Risk (Safe)
33;133559;58604;14.81;29;362;Low Risk (Safe);Low Risk (Safe)
62;105337;20526;10.04;29;552;Low Risk (Safe);Low Risk (Safe)
39;325494;35592;7.1;24;675;Low Risk (Safe);Low Risk (Safe)
37;74354;38982;7.85;26;819;Low Risk (Safe);Low Risk (Safe)
48;78145;98733;8.88;7;474;Low Risk (Safe);Low Risk (Safe)
46;477236;134982;13.35;13;375;Low Risk (Safe);Low Risk (Safe)
46;256258;170400;7.18;26;370;Low Risk (Safe);Low Risk (Safe)
43;266541;56479;10.32;17;479;Low Risk (Safe);Low Risk (Safe)
21;335195;151826;13.39;26;592;Low Risk (Safe);Low Risk (Safe)
21;101474;91437;10.68;17;494;Low Risk (Safe);Low Risk (Safe)
54;141748;108540;7.07;7;527;Low Risk (Safe);Low Risk (Safe)
52;175995;82982;11.04;21;730;Low Risk (Safe);Low Risk (Safe)
45;295690;112747;15;1;735;Low Risk (Safe);Low Risk (Safe)
60;381770;196994;6.93;17;760;Low Risk (Safe);Low Risk (Safe)
21;319104;58231;13.26;17;320;Low Risk (Safe);Low Risk (Safe)
36;478988;39301;7.47;11;363;Low Risk (Safe);Low Risk (Safe)
59;464736;182395;12.93;25;464;Low Risk (Safe);Low Risk (Safe)
25;230553;28752;12.48;27;326;Low Risk (Safe);Low Risk (Safe)
42;86408;108452;8.35;29;610;Low Risk (Safe);Low Risk (Safe)
49;406150;154467;8.6;3;584;Low Risk (Safe);Low Risk (Safe)
23;309568;131237;13.03;15;580;Low Risk (Safe);Low Risk (Safe)
32;369278;66273;9.88;29;463;Low Risk (Safe);Low Risk (Safe)
46;201563;101878;12.44;21;523;Low Risk (Safe);Low Risk (Safe)
36;182413;14895;6.91;11;445;Low Risk (Safe);Low Risk (Safe)
42;140327;125700;12.25;28;344;Low Risk (Safe);Low Risk (Safe)
34;252503;20699;6.76;25;333;Low Risk (Safe);Low Risk (Safe)
48;193326;19715;11.13;22;726;Low Risk (Safe);Low Risk (Safe)
50;61344;128413;8.86;9;833;Low Risk (Safe);Low Risk (Safe)
25;444966;157235;9.86;24;666;Low Risk (Safe);Low Risk (Safe)
32;497972;129264;5.86;24;849;Low Risk (Safe);Low Risk (Safe)
36;117957;15782;12.59;1;415;Low Risk (Safe);Low Risk (Safe)
46;155423;134481;10.72;29;538;Low Risk (Safe);Low Risk (Safe)
46;370197;45585;6.05;25;634;Low Risk (Safe);Low Risk (Safe)
41;196968;40682;11.97;22;740;Low Risk (Safe);Low Risk (Safe)
59;236833;188936;9.93;16;447;Low Risk (Safe);Low Risk (Safe)
53;301147;94416;14.71;19;587;Low Risk (Safe);Low Risk (Safe)
50;127454;196186;14.52;12;687;Low Risk (Safe);Low Risk (Safe)
43;402744;48067;6.39;22;816;Low Risk (Safe);Low Risk (Safe)
30;434876;183757;12.67;9;577;Low Risk (Safe);Low Risk (Safe)
25;471151;28073;10.17;7;599;Low Risk (Safe);Low Risk (Safe)
56;87641;46035;8.37;14;434;Low Risk (Safe);Low Risk (Safe)
54;79711;100373;10.17;29;446;Low Risk (Safe);Low Risk (Safe)
51;382486;93362;10.46;19;789;Low Risk (Safe);Low Risk (Safe)
39;193254;75450;9.69;2;458;Low Risk (Safe);Low Risk (Safe)
52;137833;20382;11.25;9;683;Low Risk (Safe);Low Risk (Safe)
21;368420;145509;14.23;13;462;Low Risk (Safe);Low Risk (Safe)
25;331685;71929;8.94;15;740;Low Risk (Safe);Low Risk (Safe)
36;94813;153401;14;11;714;Low Risk (Safe);Low Risk (Safe)
44;218270;35169;9.83;21;638;Low Risk (Safe);Low Risk (Safe)
22;336214;44594;11.22;25;587;Low Risk (Safe);Low Risk (Safe)
48;454338;55033;11.12;8;486;Low Risk (Safe);Low Risk (Safe)
52;392703;73133;13.16;18;437;Low Risk (Safe);Low Risk (Safe)
40;91786;193362;14.96;16;493;Low Risk (Safe);Low Risk (Safe)
32;280876;50461;5.53;8;443;Low Risk (Safe);Low Risk (Safe)
55;449953;88222;11.58;22;315;Low Risk (Safe);Low Risk (Safe)
53;497453;34226;7.78;12;722;Low Risk (Safe);Low Risk (Safe)
63;363715;16721;8.46;15;544;Low Risk (Safe);Low Risk (Safe)
57;337654;197226;7.93;25;406;Low Risk (Safe);Low Risk (Safe)
32;331570;30609;5.79;8;387;Low Risk (Safe);Low Risk (Safe)
23;87265;193202;14.73;4;428;Low Risk (Safe);Low Risk (Safe)
21;461066;140513;7.6;15;640;Low Risk (Safe);Low Risk (Safe)
53;299321;114211;12.47;28;303;Low Risk (Safe);Low Risk (Safe)
60;116150;196321;12.74;20;626;Low Risk (Safe);Low Risk (Safe)
30;137312;189967;14.33;25;709;Low Risk (Safe);Low Risk (Safe)
63;139613;146728;5.79;17;605;Low Risk (Safe);Low Risk (Safe)
64;387054;134865;13.78;13;524;Low Risk (Safe);Low Risk (Safe)
33;171826;74309;11.51;2;620;Low Risk (Safe);Low Risk (Safe)
32;85435;39984;11.62;13;480;Low Risk (Safe);Low Risk (Safe)
22;260017;15901;8.67;22;407;Low Risk (Safe);Low Risk (Safe)
43;201734;41055;10.52;20;709;Low Risk (Safe);Low Risk (Safe)
37;335654;178757;13.04;29;595;Low Risk (Safe);Low Risk (Safe)
46;259259;155788;14.91;27;470;Low Risk (Safe);Low Risk (Safe)
28;222070;124099;7.41;10;630;Low Risk (Safe);Low Risk (Safe)
49;144071;21138;14.95;29;792;Low Risk (Safe);Low Risk (Safe)
46;318784;176370;6.35;3;494;Low Risk (Safe);Low Risk (Safe)
30;356691;192184;5.52;19;311;Low Risk (Safe);Low Risk (Safe)
46;366764;33429;5.92;3;494;Low Risk (Safe);Low Risk (Safe)
54;196389;60200;8.75;22;789;Low Risk (Safe);Low Risk (Safe)
61;165608;189316;11.51;14;481;Low Risk (Safe);Low Risk (Safe)
27;319708;111268;6.16;8;615;Low Risk (Safe);Low Risk (Safe)
24;208417;27347;5.55;27;329;Low Risk (Safe);Low Risk (Safe)
49;304444;41822;13.31;4;680;Low Risk (Safe);Low Risk (Safe)
45;387003;50108;13.9;28;597;Low Risk (Safe);Low Risk (Safe)
41;261837;138955;12.15;20;660;Low Risk (Safe);Low Risk (Safe)
56;160017;17967;6.49;11;673;Low Risk (Safe);Low Risk (Safe)
30;173618;120719;9.29;26;602;Low Risk (Safe);Low Risk (Safe)
57;495609;21871;12.37;11;720;Low Risk (Safe);Low Risk (Safe)
29;175341;174685;8.16;27;545;Low Risk (Safe);Low Risk (Safe)
44;341574;38179;12.03;11;536;Low Risk (Safe);Low Risk (Safe)
55;256604;193260;5.73;2;833;Low Risk (Safe);Low Risk (Safe)
55;77788;65099;8.41;17;484;Low Risk (Safe);Low Risk (Safe)
56;276577;45262;10.72;9;767;Low Risk (Safe);Low Risk (Safe)
38;491759;88213;11.5;28;662;Low Risk (Safe);Low Risk (Safe)
52;381490;159340;12.13;2;635;Low Risk (Safe);Low Risk (Safe)
44;408266;96269;5.56;29;461;Low Risk (Safe);Low Risk (Safe)
43;89974;70545;6.46;24;459;Low Risk (Safe);Low Risk (Safe)
52;419453;49922;13.75;15;773;Low Risk (Safe);Low Risk (Safe)
57;66371;52913;11.98;16;621;Low Risk (Safe);Low Risk (Safe)
32;357228;107033;6.57;25;311;Low Risk (Safe);Low Risk (Safe)
33;472845;114792;13.5;4;723;Low Risk (Safe);Low Risk (Safe)
43;232256;196749;7.8;8;372;Low Risk (Safe);Low Risk (Safe)
61;243259;129863;12.25;26;804;Low Risk (Safe);Low Risk (Safe)
50;325128;166104;11.84;5;338;Low Risk (Safe);Low Risk (Safe)
37;345183;178918;7.51;16;359;Low Risk (Safe);Low Risk (Safe)
40;135431;54936;13.7;13;620;Low Risk (Safe);Low Risk (Safe)
45;395835;170866;9.31;7;734;Low Risk (Safe);Low Risk (Safe)
42;370750;191403;8.28;26;707;Low Risk (Safe);Low Risk (Safe)
39;414809;150146;8.03;17;377;Low Risk (Safe);Low Risk (Safe)
56;155373;147478;5.71;3;493;Low Risk (Safe);Low Risk (Safe)
32;231144;107359;11.04;5;584;Low Risk (Safe);Low Risk (Safe)
61;336718;133279;13.5;19;826;Low Risk (Safe);Low Risk (Safe)
39;446646;164363;10.72;12;823;Low Risk (Safe);Low Risk (Safe)
29;193748;107539;5.82;27;639;Low Risk (Safe);Low Risk (Safe)
27;454032;56851;7.54;7;424;Low Risk (Safe);Low Risk (Safe)
48;82733;64823;9.45;28;579;Low Risk (Safe);Low Risk (Safe)
34;266752;33312;12.72;9;427;Low Risk (Safe);Low Risk (Safe)
51;52050;184180;7.28;28;613;Low Risk (Safe);Low Risk (Safe)
39;159996;175243;12.34;6;631;Low Risk (Safe);Low Risk (Safe)
36;83933;182851;13.74;29;449;Low Risk (Safe);Low Risk (Safe)
55;82413;22411;13.3;17;335;Low Risk (Safe);Low Risk (Safe)
32;215873;67009;10.77;16;719;Low Risk (Safe);Low Risk (Safe)
45;236691;156494;11.55;23;321;Low Risk (Safe);Low Risk (Safe)
41;476129;183540;10.5;3;505;Low Risk (Safe);Low Risk (Safe)
56;424717;42371;9.9;21;655;Low Risk (Safe);Low Risk (Safe)
43;483816;67022;7.73;26;739;Low Risk (Safe);Low Risk (Safe)
36;238847;81229;8.38;4;395;Low Risk (Safe);Low Risk (Safe)
59;271888;109071;8.25;10;463;Low Risk (Safe);Low Risk (Safe)
62;311044;192268;10.85;5;447;Low Risk (Safe);Low Risk (Safe)
34;293662;36715;14.21;22;593;Low Risk (Safe);Low Risk (Safe)
51;216472;37605;12.35;10;494;Low Risk (Safe);Low Risk (Safe)
25;447710;109853;9.31;12;779;Low Risk (Safe);Low Risk (Safe)
43;172744;151028;13.88;29;699;Low Risk (Safe);Low Risk (Safe)
49;401575;86373;13.33;13;751;Low Risk (Safe);Low Risk (Safe)
63;255763;79252;12.36;11;403;Low Risk (Safe);Low Risk (Safe)
31;93001;80017;8.08;22;761;Low Risk (Safe);Low Risk (Safe)
38;117364;73037;9.32;16;695;Low Risk (Safe);Low Risk (Safe)
32;437132;99818;6.48;8;636;Low Risk (Safe);Low Risk (Safe)
29;357172;16548;7.3;8;441;Low Risk (Safe);Low Risk (Safe)
30;288506;126981;12.94;27;616;Low Risk (Safe);Low Risk (Safe)
64;278731;164249;12.29;25;826;Low Risk (Safe);Low Risk (Safe)
37;480789;34022;11.14;8;700;Low Risk (Safe);Low Risk (Safe)
58;181878;116297;14.01;13;609;Low Risk (Safe);Low Risk (Safe)
27;436487;146614;11.04;27;794;Low Risk (Safe);Low Risk (Safe)
29;210829;123132;6.29;12;342;Low Risk (Safe);Low Risk (Safe)
47;84636;197604;14.34;11;544;Low Risk (Safe);Low Risk (Safe)
22;261169;26052;13.35;15;586;Low Risk (Safe);Low Risk (Safe)
25;229352;110689;6.73;16;654;Low Risk (Safe);Low Risk (Safe)
49;336406;188148;10.87;17;775;Low Risk (Safe);Low Risk (Safe)
57;392579;194492;13.73;26;382;Low Risk (Safe);Low Risk (Safe)
58;243283;141743;10.93;2;409;Low Risk (Safe);Low Risk (Safe)
39;498058;10163;14.12;18;489;Low Risk (Safe);Low Risk (Safe)
28;440727;51424;14.46;12;550;Low Risk (Safe);Low Risk (Safe)
42;481413;151706;9.08;26;500;Low Risk (Safe);Low Risk (Safe)
37;353988;145870;14.4;23;625;Low Risk (Safe);Low Risk (Safe)
45;477373;130575;6.6;17;708;Low Risk (Safe);Low Risk (Safe)
24;389273;39300;5.9;6;807;Low Risk (Safe);Low Risk (Safe)
56;352186;99881;10.86;25;371;Low Risk (Safe);Low Risk (Safe)
26;111665;20749;14.34;15;546;Low Risk (Safe);Low Risk (Safe)
39;166953;166193;11.92;6;353;Low Risk (Safe);Low Risk (Safe)
64;208448;138563;6.82;3;827;Low Risk (Safe);Low Risk (Safe)
59;236626;47487;7.92;29;831;Low Risk (Safe);Low Risk (Safe)
47;195271;174433;13.82;1;492;Low Risk (Safe);Low Risk (Safe)
46;494164;82930;8.15;28;736;Low Risk (Safe);Low Risk (Safe)
39;123781;155128;6.73;21;410;Low Risk (Safe);Low Risk (Safe)
59;116262;38380;11.92;26;428;Low Risk (Safe);Low Risk (Safe)
23;358744;36035;14.47;14;625;Low Risk (Safe);Low Risk (Safe)
48;199369;160949;10.02;27;328;Low Risk (Safe);Low Risk (Safe)
40;80448;196388;11.53;4;411;Low Risk (Safe);Low Risk (Safe)
48;338316;127360;14.99;7;430;Low Risk (Safe);Low Risk (Safe)
28;486090;63352;6.5;22;487;Low Risk (Safe);Low Risk (Safe)
61;57657;171983;10.24;10;774;Low Risk (Safe);Low Risk (Safe)
21;468641;13191;13.73;21;503;Low Risk (Safe);Low Risk (Safe)
33;424999;100536;6.55;15;575;Low Risk (Safe);Low Risk (Safe)
48;467794;114576;11.53;4;372;Low Risk (Safe);Low Risk (Safe)
45;209903;190795;12.82;23;542;Low Risk (Safe);Low Risk (Safe)
53;57906;13631;5.53;23;401;Low Risk (Safe);Low Risk (Safe)
26;104028;52080;7.27;24;487;Low Risk (Safe);Low Risk (Safe)
64;319431;100353;10.74;20;740;Low Risk (Safe);Low Risk (Safe)
52;345804;161353;9.45;26;385;Low Risk (Safe);Low Risk (Safe)
41;372648;38671;12.34;5;775;Low Risk (Safe);Low Risk (Safe)
36;240792;132811;9.03;20;351;Low Risk (Safe);Low Risk (Safe)
41;152979;192503;13.76;12;410;Low Risk (Safe);Low Risk (Safe)
31;84701;137734;12.44;1;342;Low Risk (Safe);Low Risk (Safe)
57;133300;169674;11.65;28;510;Low Risk (Safe);Low Risk (Safe)
56;291249;61399;13.06;8;499;Low Risk (Safe);Low Risk (Safe)
55;198746;164544;12.66;1;325;Low Risk (Safe);Low Risk (Safe)
39;133560;190302;5.84;5;598;Low Risk (Safe);Low Risk (Safe)
40;292615;17099;9.25;22;376;Low Risk (Safe);Low Risk (Safe)
61;93642;66492;6.69;29;319;Low Risk (Safe);Low Risk (Safe)
34;377304;106722;12.5;21;739;Low Risk (Safe);Low Risk (Safe)
35;329746;188756;14.76;3;510;Low Risk (Safe);Low Risk (Safe)
51;415464;40111;6;15;734;Low Risk (Safe);Low Risk (Safe)
21;138801;73936;11.98;5;506;Low Risk (Safe);Low Risk (Safe)
23;338075;163686;9.95;28;738;Low Risk (Safe);Low Risk (Safe)
36;144377;183063;11;24;341;Low Risk (Safe);Low Risk (Safe)
43;341336;70920;6.31;14;710;Low Risk (Safe);Low Risk (Safe)
31;358686;73530;5.91;18;822;Low Risk (Safe);Low Risk (Safe)
52;376916;38082;12.93;25;747;Low Risk (Safe);Low Risk (Safe)
36;362250;133287;10.67;24;668;Low Risk (Safe);Low Risk (Safe)
58;75559;111015;12.04;27;531;Low Risk (Safe);Low Risk (Safe)
44;83742;157603;14.16;8;742;Low Risk (Safe);Low Risk (Safe)
28;202826;104439;12.24;7;675;Low Risk (Safe);Low Risk (Safe)
56;382975;151214;5.8;13;566;Low Risk (Safe);Low Risk (Safe)
46;162217;125053;12.49;6;658;Low Risk (Safe);Low Risk (Safe)
48;418676;150938;14.11;2;623;Low Risk (Safe);Low Risk (Safe)
48;438411;135426;8.03;8;720;Low Risk (Safe);Low Risk (Safe)
57;453119;74027;12.39;11;345;Low Risk (Safe);Low Risk (Safe)
61;184092;198978;13.84;1;568;Low Risk (Safe);Low Risk (Safe)
47;398100;102601;9.28;29;417;Low Risk (Safe);Low Risk (Safe)
37;136988;39956;12.74;6;415;Low Risk (Safe);Low Risk (Safe)
29;95648;114797;9.82;16;559;Low Risk (Safe);Low Risk (Safe)
53;175991;134917;8.04;27;374;Low Risk (Safe);Low Risk (Safe)
40;452732;136303;7.59;20;779;Low Risk (Safe);Low Risk (Safe)
33;427149;146511;6.75;12;604;Low Risk (Safe);Low Risk (Safe)
48;52396;188313;13.64;11;306;Low Risk (Safe);Low Risk (Safe)
33;462345;169342;6.23;27;822;Low Risk (Safe);Low Risk (Safe)
55;178322;88815;9.13;29;647;Low Risk (Safe);Low Risk (Safe)
38;61303;119787;7.23;3;514;Low Risk (Safe);Low Risk (Safe)
45;383863;158702;8.65;27;797;Low Risk (Safe);Low Risk (Safe)
30;309820;137896;12.52;15;666;Low Risk (Safe);Low Risk (Safe)
25;436309;193233;11.6;29;837;Low Risk (Safe);Low Risk (Safe)
53;136231;192051;10.92;13;353;Low Risk (Safe);Low Risk (Safe)
21;319458;107661;10.9;17;840;Low Risk (Safe);Low Risk (Safe)
38;69623;148051;11.8;3;766;Low Risk (Safe);Low Risk (Safe)
52;248747;167261;10.71;20;463;Low Risk (Safe);Low Risk (Safe)
31;155228;183672;13.85;11;633;Low Risk (Safe);Low Risk (Safe)
41;476346;133257;11.92;27;846;Low Risk (Safe);Low Risk (Safe)
46;232828;96205;10.7;21;647;Low Risk (Safe);Low Risk (Safe)
45;409768;16910;13.38;19;572;Low Risk (Safe);Low Risk (Safe)
42;207364;198785;11.26;22;713;Low Risk (Safe);Low Risk (Safe)
47;423929;56857;8.27;11;799;Low Risk (Safe);Low Risk (Safe)
33;398350;44964;7.47;28;392;Low Risk (Safe);Low Risk (Safe)
53;119274;166299;6.95;16;378;Low Risk (Safe);Low Risk (Safe)
54;183541;147050;14.04;21;516;Low Risk (Safe);Low Risk (Safe)
61;103947;27153;12.25;3;657;Low Risk (Safe);Low Risk (Safe)
55;203606;69765;14.41;22;806;Low Risk (Safe);Low Risk (Safe)
41;98874;49071;10;14;545;Low Risk (Safe);Low Risk (Safe)
26;99708;122990;6.07;24;543;Low Risk (Safe);Low Risk (Safe)
48;124553;79519;11.88;18;805;Low Risk (Safe);Low Risk (Safe)
37;118344;19503;11.03;17;721;Low Risk (Safe);Low Risk (Safe)
25;361282;105457;14.91;4;619;Low Risk (Safe);Low Risk (Safe)
51;235374;198938;7.77;23;386;Low Risk (Safe);Low Risk (Safe)
25;97638;157977;10.54;15;516;Low Risk (Safe);Low Risk (Safe)
58;128249;55838;11.68;11;789;Low Risk (Safe);Low Risk (Safe)
23;418009;135200;11.62;26;818;Low Risk (Safe);Low Risk (Safe)
43;52719;199351;10.83;3;577;Low Risk (Safe);Low Risk (Safe)
57;203962;99489;12.88;3;468;Low Risk (Safe);Low Risk (Safe)
57;479725;36806;7.45;16;629;Low Risk (Safe);Low Risk (Safe)
30;142241;163240;11.39;21;690;Low Risk (Safe);Low Risk (Safe)
39;462003;80119;14.01;29;795;Low Risk (Safe);Low Risk (Safe)
41;492061;195165;8.49;19;605;Low Risk (Safe);Low Risk (Safe)
34;239004;65419;8.12;25;812;Low Risk (Safe);Low Risk (Safe)
29;142124;190217;14.83;4;487;Low Risk (Safe);Low Risk (Safe)
33;214134;102949;14.11;29;726;Low Risk (Safe);Low Risk (Safe)
24;125713;143533;7.06;19;801;Low Risk (Safe);Low Risk (Safe)
21;268335;155363;11.61;11;559;Low Risk (Safe);Low Risk (Safe)
52;178232;86971;14.5;10;370;Low Risk (Safe);Low Risk (Safe)
54;478048;103471;8.7;29;777;Low Risk (Safe);Low Risk (Safe)
51;456203;108989;10.62;25;756;Low Risk (Safe);Low Risk (Safe)
28;218383;94080;6.08;20;488;Low Risk (Safe);Low Risk (Safe)
59;343719;87794;12.05;16;590;Low Risk (Safe);Low Risk (Safe)
46;375996;40841;12.06;19;819;Low Risk (Safe);Low Risk (Safe)
23;182079;130029;10.22;24;582;Low Risk (Safe);Low Risk (Safe)
21;126242;86272;5.92;14;676;Low Risk (Safe);Low Risk (Safe)
64;228589;47643;9.45;2;455;Low Risk (Safe);Low Risk (Safe)
50;485423;53950;12.73;28;712;Low Risk (Safe);Low Risk (Safe)
50;194353;197921;8.87;5;827;Low Risk (Safe);Low Risk (Safe)
37;373390;110500;14.52;27;654;Low Risk (Safe);Low Risk (Safe)
35;279947;135588;11.4;19;330;Low Risk (Safe);Low Risk (Safe)
57;281758;25997;14.32;21;559;Low Risk (Safe);Low Risk (Safe)
41;141357;89751;12.73;12;720;Low Risk (Safe);Low Risk (Safe)
34;207732;108605;10.7;18;828;Low Risk (Safe);Low Risk (Safe)
22;448300;164983;7.21;4;603;Low Risk (Safe);Low Risk (Safe)
31;456723;65533;9.86;22;338;Low Risk (Safe);Low Risk (Safe)
59;253667;92566;10.83;17;788;Low Risk (Safe);Low Risk (Safe)
58;133807;155643;13.71;10;841;Low Risk (Safe);Low Risk (Safe)
54;488755;118255;10.07;20;577;Low Risk (Safe);Low Risk (Safe)
54;188563;68005;11.91;25;365;Low Risk (Safe);Low Risk (Safe)
50;231264;53541;14.95;11;567;Low Risk (Safe);Low Risk (Safe)
35;435941;33387;10.51;11;521;Low Risk (Safe);Low Risk (Safe)
54;123609;189980;11.76;18;389;Low Risk (Safe);Low Risk (Safe)
58;321221;95457;6.53;27;554;Low Risk (Safe);Low Risk (Safe)
44;303973;74028;10.23;22;552;Low Risk (Safe);Low Risk (Safe)
35;333097;129246;9.36;18;556;Low Risk (Safe);Low Risk (Safe)
50;426826;65731;14.55;24;682;Low Risk (Safe);Low Risk (Safe)
62;380033;165930;10.46;23;741;Low Risk (Safe);Low Risk (Safe)
37;204893;189761;7.58;11;389;Low Risk (Safe);Low Risk (Safe)
25;480783;54638;9.86;21;689;Low Risk (Safe);Low Risk (Safe)
49;165374;187558;14.23;12;343;Low Risk (Safe);Low Risk (Safe)
24;74860;30567;7.17;5;318;Low Risk (Safe);Low Risk (Safe)
30;202267;170811;7.53;23;400;Low Risk (Safe);Low Risk (Safe)
37;127475;67804;5.62;9;656;Low Risk (Safe);Low Risk (Safe)
30;399410;118821;5.63;27;841;Low Risk (Safe);Low Risk (Safe)
37;202499;13754;13.38;25;332;Low Risk (Safe);Low Risk (Safe)
40;412876;37044;12.46;9;528;Low Risk (Safe);Low Risk (Safe)
44;339227;77260;8.87;22;823;Low Risk (Safe);Low Risk (Safe)
25;268118;76912;12.13;10;454;Low Risk (Safe);Low Risk (Safe)
54;369516;18706;9.25;22;722;Low Risk (Safe);Low Risk (Safe)
22;487280;159109;14.69;1;704;Low Risk (Safe);Low Risk (Safe)
33;57813;93986;9.23;7;840;Low Risk (Safe);Low Risk (Safe)
63;81598;91942;13.62;4;460;Low Risk (Safe);Low Risk (Safe)
63;307951;192684;12.84;1;416;Low Risk (Safe);Low Risk (Safe)
36;341385;114555;9.85;12;471;Low Risk (Safe);Low Risk (Safe)
51;277286;19496;12.92;22;573;Low Risk (Safe);Low Risk (Safe)
28;338173;170878;13.62;15;721;Low Risk (Safe);Low Risk (Safe)
24;194097;98199;11.23;17;720;Low Risk (Safe);Low Risk (Safe)
60;282732;51321;13.44;29;485;Low Risk (Safe);Low Risk (Safe)
45;195360;65147;9.08;14;677;Low Risk (Safe);Low Risk (Safe)
23;139186;101396;10.74;18;822;Low Risk (Safe);Low Risk (Safe)
52;449756;190738;13.15;20;495;Low Risk (Safe);Low Risk (Safe)
23;409912;48787;5.94;18;397;Low Risk (Safe);Low Risk (Safe)
47;263030;31727;13.18;16;321;Low Risk (Safe);Low Risk (Safe)
52;91846;132721;10.39;23;471;Low Risk (Safe);Low Risk (Safe)
39;388076;78056;13.18;27;682;Low Risk (Safe);Low Risk (Safe)
41;198554;144153;7.91;11;433;Low Risk (Safe);Low Risk (Safe)
25;335555;175268;7.84;15;725;Low Risk (Safe);Low Risk (Safe)
38;494191;177807;9.33;12;324;Low Risk (Safe);Low Risk (Safe)
48;390941;90102;14;8;802;Low Risk (Safe);Low Risk (Safe)
62;364451;166570;5.5;22;484;Low Risk (Safe);Low Risk (Safe)
42;446309;86865;14.06;20;384;Low Risk (Safe);Low Risk (Safe)
41;334186;172728;6.96;6;443;Low Risk (Safe);Low Risk (Safe)
26;102930;77695;14.91;3;711;Low Risk (Safe);Low Risk (Safe)
61;294459;188773;10.37;26;478;Low Risk (Safe);Low Risk (Safe)
32;274695;118777;10.07;13;732;Low Risk (Safe);Low Risk (Safe)
54;345900;151877;6.36;2;728;Low Risk (Safe);Low Risk (Safe)
47;262943;125725;9.72;6;496;Low Risk (Safe);Low Risk (Safe)
29;308916;155016;8.12;2;352;Low Risk (Safe);Low Risk (Safe)
42;234403;50372;14.93;22;742;Low Risk (Safe);Low Risk (Safe)
50;98901;99464;9.17;26;629;Low Risk (Safe);Low Risk (Safe)
63;412130;156451;10.95;11;550;Low Risk (Safe);Low Risk (Safe)
37;244488;127322;9.45;8;422;Low Risk (Safe);Low Risk (Safe)
46;213268;177823;13.55;12;686;Low Risk (Safe);Low Risk (Safe)
56;440530;110082;14.07;8;638;Low Risk (Safe);Low Risk (Safe)
28;188496;195413;14.76;22;328;Low Risk (Safe);Low Risk (Safe)
55;325001;22087;5.76;20;334;Low Risk (Safe);Low Risk (Safe)
35;291531;164834;13.48;8;817;Low Risk (Safe);Low Risk (Safe)
42;296693;92617;12.64;29;695;Low Risk (Safe);Low Risk (Safe)
34;463198;110483;7.67;8;593;Low Risk (Safe);Low Risk (Safe)
43;76431;28313;11.96;20;366;Low Risk (Safe);Low Risk (Safe)
34;397120;123175;7.64;20;819;Low Risk (Safe);Low Risk (Safe)
44;288360;124914;9.6;23;421;Low Risk (Safe);Low Risk (Safe)
22;394855;33705;12.33;16;639;Low Risk (Safe);Low Risk (Safe)
46;76385;83445;10.85;14;474;Low Risk (Safe);Low Risk (Safe)
34;481374;113892;9.56;11;750;Low Risk (Safe);Low Risk (Safe)
23;330783;129654;13.48;16;315;Low Risk (Safe);Low Risk (Safe)
43;135530;90073;6.87;13;632;Low Risk (Safe);Low Risk (Safe)
63;280983;102197;9.59;27;494;Low Risk (Safe);Low Risk (Safe)
38;333707;74429;14.09;15;795;Low Risk (Safe);Low Risk (Safe)
58;482557;114195;13.54;24;308;Low Risk (Safe);Low Risk (Safe)
55;427816;43848;9.31;16;633;Low Risk (Safe);Low Risk (Safe)
35;448992;178876;12.75;27;632;Low Risk (Safe);Low Risk (Safe)
45;479660;156451;13.32;21;626;Low Risk (Safe);Low Risk (Safe)
57;451927;37766;13.94;23;314;Low Risk (Safe);Low Risk (Safe)
48;255390;78099;10.67;24;525;Low Risk (Safe);Low Risk (Safe)
30;395114;177132;7.44;9;724;Low Risk (Safe);Low Risk (Safe)
59;293373;79122;7.93;3;707;Low Risk (Safe);Low Risk (Safe)
59;211779;58868;11.14;20;727;Low Risk (Safe);Low Risk (Safe)
42;220182;129119;5.81;5;300;Low Risk (Safe);Low Risk (Safe)
46;242860;164297;11.54;10;565;Low Risk (Safe);Low Risk (Safe)
64;132879;105286;8.96;17;790;Low Risk (Safe);Low Risk (Safe)
45;482043;16643;8.3;15;507;Low Risk (Safe);Low Risk (Safe)
37;288260;46727;13.86;23;668;Low Risk (Safe);Low Risk (Safe)
33;448871;152077;9.87;25;605;Low Risk (Safe);Low Risk (Safe)
40;357003;119079;6.4;8;311;Low Risk (Safe);Low Risk (Safe)
24;364242;26029;5.95;21;764;Low Risk (Safe);Low Risk (Safe)
23;172413;169803;12.85;20;667;Low Risk (Safe);Low Risk (Safe)
61;312670;119458;8.85;28;719;Low Risk (Safe);Low Risk (Safe)
56;97837;78926;10.4;21;433;Low Risk (Safe);Low Risk (Safe)
42;310550;147069;9.9;23;726;Low Risk (Safe);Low Risk (Safe)
54;323680;65506;5.93;12;324;Low Risk (Safe);Low Risk (Safe)
28;78541;88229;8.26;17;829;Low Risk (Safe);Low Risk (Safe)
60;129083;190887;14.34;17;489;Low Risk (Safe);Low Risk (Safe)
64;494243;52092;9.22;10;440;Low Risk (Safe);Low Risk (Safe)
62;320856;162889;10.55;19;743;Low Risk (Safe);Low Risk (Safe)
26;124744;185006;8.94;2;391;Low Risk (Safe);Low Risk (Safe)
46;302859;151330;12.37;18;478;Low Risk (Safe);Low Risk (Safe)
57;361412;38854;5.6;26;410;Low Risk (Safe);Low Risk (Safe)
53;281809;147328;9.66;2;436;Low Risk (Safe);Low Risk (Safe)
42;366759;86256;13.89;27;531;Low Risk (Safe);Low Risk (Safe)
41;132503;175009;5.99;20;767;Low Risk (Safe);Low Risk (Safe)
26;304346;109134;7.32;18;780;Low Risk (Safe);Low Risk (Safe)
26;472975;142723;8.45;6;367;Low Risk (Safe);Low Risk (Safe)
24;135708;191360;12.45;24;548;Low Risk (Safe);Low Risk (Safe)
50;241184;94730;11.59;10;622;Low Risk (Safe);Low Risk (Safe)
31;152471;166123;9.45;20;817;Low Risk (Safe);Low Risk (Safe)
50;304225;37386;12.71;15;731;Low Risk (Safe);Low Risk (Safe)
51;207661;157256;11.29;5;786;Low Risk (Safe);Low Risk (Safe)
44;211087;43787;14.01;20;728;Low Risk (Safe);Low Risk (Safe)
29;210081;31621;13.27;3;568;Low Risk (Safe);Low Risk (Safe)
23;395453;87984;7.9;5;836;Low Risk (Safe);Low Risk (Safe)
51;438590;186325;8.08;25;447;Low Risk (Safe);Low Risk (Safe)
57;418805;59811;8.7;8;666;Low Risk (Safe);Low Risk (Safe)
56;207215;40447;15;8;365;Low Risk (Safe);Low Risk (Safe)
44;56154;138046;9.35;12;669;Low Risk (Safe);Low Risk (Safe)
26;484904;94045;12.74;23;794;Low Risk (Safe);Low Risk (Safe)
22;114288;126859;10.65;8;413;Low Risk (Safe);Low Risk (Safe)
40;101195;198490;6.92;11;410;Low Risk (Safe);Low Risk (Safe)
48;332725;155544;9.12;14;738;Low Risk (Safe);Low Risk (Safe)
31;495864;13471;9.44;8;446;Low Risk (Safe);Low Risk (Safe)
24;342231;130312;12.66;29;334;Low Risk (Safe);Low Risk (Safe)
35;231002;149401;5.7;24;608;Low Risk (Safe);Low Risk (Safe)
26;214053;175937;8.06;28;837;Low Risk (Safe);Low Risk (Safe)
50;119298;56850;10.42;10;313;Low Risk (Safe);Low Risk (Safe)
58;358311;64220;8.05;7;673;Low Risk (Safe);Low Risk (Safe)
35;486624;147469;10.08;17;532;Low Risk (Safe);Low Risk (Safe)
28;437960;63072;14.52;29;801;Low Risk (Safe);Low Risk (Safe)
46;495485;93820;11.51;13;574;Low Risk (Safe);Low Risk (Safe)
64;219631;33284;6.73;4;375;Low Risk (Safe);Low Risk (Safe)
26;292997;35122;12.92;26;588;Low Risk (Safe);Low Risk (Safe)
46;146347;140349;12.23;22;839;Low Risk (Safe);Low Risk (Safe)
24;360931;80553;7.13;4;552;Low Risk (Safe);Low Risk (Safe)
39;347632;104788;14.74;18;425;Low Risk (Safe);Low Risk (Safe)
40;386585;72812;9.76;6;476;Low Risk (Safe);Low Risk (Safe)
53;255735;17999;7.01;24;336;Low Risk (Safe);Low Risk (Safe)
40;72431;32436;7.21;24;709;Low Risk (Safe);Low Risk (Safe)
32;373825;52963;6.43;23;426;Low Risk (Safe);Low Risk (Safe)
21;244555;143168;13.13;22;782;Low Risk (Safe);Low Risk (Safe)
46;172720;166351;6.66;2;467;Low Risk (Safe);Low Risk (Safe)
34;99153;118899;6.69;23;593;Low Risk (Safe);Low Risk (Safe)
58;318512;36201;13.58;11;642;Low Risk (Safe);Low Risk (Safe)
57;470640;160787;8.77;28;609;Low Risk (Safe);Low Risk (Safe)
31;424504;170381;5.79;14;827;Low Risk (Safe);Low Risk (Safe)
23;106985;127666;11.82;8;535;Low Risk (Safe);Low Risk (Safe)
53;362213;104848;6.99;14;738;Low Risk (Safe);Low Risk (Safe)
26;364470;12839;6.63;24;513;Low Risk (Safe);Low Risk (Safe)
30;158737;78920;12.76;3;384;Low Risk (Safe);Low Risk (Safe)
25;262133;53619;11.88;12;384;Low Risk (Safe);Low Risk (Safe)
43;204470;52821;9.64;16;788;Low Risk (Safe);Low Risk (Safe)
22;388041;27069;10.08;17;642;Low Risk (Safe);Low Risk (Safe)
33;262977;17531;10.31;1;651;Low Risk (Safe);Low Risk (Safe)
60;177118;178123;9.18;23;457;Low Risk (Safe);Low Risk (Safe)
22;380721;148808;14.11;10;790;Low Risk (Safe);Low Risk (Safe)
40;246713;148782;5.65;25;762;Low Risk (Safe);Low Risk (Safe)
21;59078;77155;12.93;23;524;Low Risk (Safe);Low Risk (Safe)
57;468219;155047;6.68;10;612;Low Risk (Safe);Low Risk (Safe)
29;374912;72424;13.08;21;765;Low Risk (Safe);Low Risk (Safe)
37;101047;55603;11.35;24;387;Low Risk (Safe);Low Risk (Safe)
29;383770;164324;13.51;2;602;Low Risk (Safe);Low Risk (Safe)
31;369804;142503;6.43;9;734;Low Risk (Safe);Low Risk (Safe)
44;493002;102573;10.26;13;349;Low Risk (Safe);Low Risk (Safe)
58;445141;150629;12.21;25;731;Low Risk (Safe);Low Risk (Safe)
55;265048;113302;10.58;16;639;Low Risk (Safe);Low Risk (Safe)
50;286293;141234;10.64;18;646;Low Risk (Safe);Low Risk (Safe)
25;442550;29675;8.43;12;544;Low Risk (Safe);Low Risk (Safe)
64;175150;83997;10.08;8;408;Low Risk (Safe);Low Risk (Safe)
34;207087;158087;6.63;17;832;Low Risk (Safe);Low Risk (Safe)
29;377025;173663;12.29;10;595;Low Risk (Safe);Low Risk (Safe)
54;140827;150905;14.55;15;411;Low Risk (Safe);Low Risk (Safe)
32;414359;17896;7.65;15;476;Low Risk (Safe);Low Risk (Safe)
55;469505;174044;13.85;23;642;Low Risk (Safe);Low Risk (Safe)
55;309931;59733;13.18;7;400;Low Risk (Safe);Low Risk (Safe)
21;446605;51800;11.93;13;700;Low Risk (Safe);Low Risk (Safe)
60;468899;106044;11.44;17;327;Low Risk (Safe);Low Risk (Safe)
49;373694;143715;13.26;8;357;Low Risk (Safe);Low Risk (Safe)
28;74826;50785;10.26;20;797;Low Risk (Safe);Low Risk (Safe)
31;150734;28681;6.17;26;596;Low Risk (Safe);Low Risk (Safe)
61;207702;191098;8.47;27;433;Low Risk (Safe);Low Risk (Safe)
57;279834;113864;14.39;21;630;Low Risk (Safe);Low Risk (Safe)
34;227235;156964;13.58;18;548;Low Risk (Safe);Low Risk (Safe)
50;148511;57299;14.83;13;849;Low Risk (Safe);Low Risk (Safe)
55;323797;27073;11.47;16;374;Low Risk (Safe);Low Risk (Safe)
41;209033;112304;7.85;9;467;Low Risk (Safe);Low Risk (Safe)
57;131941;40682;7.05;12;802;Low Risk (Safe);Low Risk (Safe)
25;255209;134302;7.28;12;654;Low Risk (Safe);Low Risk (Safe)
39;345806;155361;5.69;6;524;Low Risk (Safe);Low Risk (Safe)
34;148818;125359;9.21;19;830;Low Risk (Safe);Low Risk (Safe)
45;303627;76707;14.38;25;643;Low Risk (Safe);Low Risk (Safe)
62;145081;75428;9.59;3;334;Low Risk (Safe);Low Risk (Safe)
45;86877;60601;13.84;16;300;Low Risk (Safe);Low Risk (Safe)
60;458529;121487;7.85;16;728;Low Risk (Safe);Low Risk (Safe)
28;261957;163741;8.88;23;807;Low Risk (Safe);Low Risk (Safe)
59;122715;161716;6.3;7;425;Low Risk (Safe);Low Risk (Safe)
34;160091;38228;11.94;27;781;Low Risk (Safe);Low Risk (Safe)
52;182632;175593;6.19;25;644;Low Risk (Safe);Low Risk (Safe)
58;391292;132788;7.45;8;520;Low Risk (Safe);Low Risk (Safe)
53;133186;107239;9.12;13;324;Low Risk (Safe);Low Risk (Safe)
43;469961;36928;14.83;13;827;Low Risk (Safe);Low Risk (Safe)
35;212962;28322;12.96;17;481;Low Risk (Safe);Low Risk (Safe)
53;201094;198786;12.47;17;798;Low Risk (Safe);Low Risk (Safe)
45;435773;97896;6.6;5;341;Low Risk (Safe);Low Risk (Safe)
37;495795;72292;12.92;6;780;Low Risk (Safe);Low Risk (Safe)
53;120316;39055;12.96;19;738;Low Risk (Safe);Low Risk (Safe)
22;78380;52891;11.21;13;701;Low Risk (Safe);Low Risk (Safe)
34;160198;91912;14.91;25;845;Low Risk (Safe);Low Risk (Safe)
60;314500;147660;8.59;28;644;Low Risk (Safe);Low Risk (Safe)
60;120326;100536;14.44;26;344;Low Risk (Safe);Low Risk (Safe)
31;432574;186572;13.02;5;352;Low Risk (Safe);Low Risk (Safe)
41;376628;109259;8.26;27;375;Low Risk (Safe);Low Risk (Safe)
62;371345;166921;8.73;2;586;Low Risk (Safe);Low Risk (Safe)
54;456215;45046;10.8;9;663;Low Risk (Safe);Low Risk (Safe)
34;427177;55893;8.95;27;683;Low Risk (Safe);Low Risk (Safe)
29;182717;126891;14.89;9;362;Low Risk (Safe);Low Risk (Safe)
62;91914;156470;7.09;28;759;Low Risk (Safe);Low Risk (Safe)
35;143607;120169;6.64;1;442;Low Risk (Safe);Low Risk (Safe)
43;350709;14114;8.64;25;644;Low Risk (Safe);Low Risk (Safe)
26;128623;125142;10.95;24;742;Low Risk (Safe);Low Risk (Safe)
32;304726;138803;11.11;29;689;Low Risk (Safe);Low Risk (Safe)
49;64596;164243;7.07;25;364;Low Risk (Safe);Low Risk (Safe)
38;476788;96365;9.2;21;654;Low Risk (Safe);Low Risk (Safe)
34;428165;26456;11.01;28;398;Low Risk (Safe);Low Risk (Safe)
25;232932;29169;11.19;28;520;Low Risk (Safe);Low Risk (Safe)
56;243624;139992;5.83;9;308;Low Risk (Safe);Low Risk (Safe)
55;123972;187404;6.88;26;821;Low Risk (Safe);Low Risk (Safe)
27;376898;32420;11.91;18;810;Low Risk (Safe);Low Risk (Safe)
30;168533;31223;7.24;13;357;Low Risk (Safe);Low Risk (Safe)
33;126898;40620;8.06;13;307;Low Risk (Safe);Low Risk (Safe)
58;373557;147244;13.66;6;470;Low Risk (Safe);Low Risk (Safe)
28;131121;99570;6.45;14;519;Low Risk (Safe);Low Risk (Safe)
48;185044;185929;14.51;8;562;Low Risk (Safe);Low Risk (Safe)
21;244692;118212;11.23;6;480;Low Risk (Safe);Low Risk (Safe)
60;125418;187876;13.19;2;812;Low Risk (Safe);Low Risk (Safe)
25;487629;127235;10.2;24;519;Low Risk (Safe);Low Risk (Safe)
21;317770;15110;13.83;11;647;Low Risk (Safe);Low Risk (Safe)
46;445196;19596;14.59;26;648;Low Risk (Safe);Low Risk (Safe)
48;229362;117539;6.91;17;446;Low Risk (Safe);Low Risk (Safe)
61;416245;178933;11.11;14;618;Low Risk (Safe);Low Risk (Safe)
57;377599;23428;6.08;11;740;Low Risk (Safe);Low Risk (Safe)
22;256376;103808;11.47;28;727;Low Risk (Safe);Low Risk (Safe)
33;269724;197686;6.85;6;718;Low Risk (Safe);Low Risk (Safe)
24;202360;189402;9.41;7;540;Low Risk (Safe);Low Risk (Safe)
60;191398;159817;8.67;4;790;Low Risk (Safe);Low Risk (Safe)
23;452662;122340;9.57;26;721;High Risk (Danger);High Risk (Danger)
44;101356;84131;7.55;17;484;High Risk (Danger);High Risk (Danger)
53;82154;49063;12.98;3;476;High Risk (Danger);High Risk (Danger)
64;415821;90818;14.79;25;607;High Risk (Danger);Low Risk (Safe)
64;224944;53585;12.66;6;687;High Risk (Danger);High Risk (Danger)
45;376579;52229;10.8;6;408;High Risk (Danger);High Risk (Danger)
29;441182;138267;6.39;27;627;High Risk (Danger);High Risk (Danger)
27;64382;168562;9.03;19;796;High Risk (Danger);High Risk (Danger)
51;126077;111520;14.02;28;716;High Risk (Danger);High Risk (Danger)
28;183515;71272;10.32;29;666;High Risk (Danger);High Risk (Danger)
46;141751;131750;14.69;15;371;High Risk (Danger);High Risk (Danger)
45;280203;128154;13.64;27;489;High Risk (Danger);Low Risk (Safe)
49;220987;54738;12.53;19;620;High Risk (Danger);High Risk (Danger)
35;349363;43397;8.54;16;406;High Risk (Danger);High Risk (Danger)
29;365172;86619;12.39;22;572;High Risk (Danger);High Risk (Danger)
28;300869;81635;5.78;13;792;High Risk (Danger);Low Risk (Safe)
55;267138;117803;13.32;4;491;High Risk (Danger);High Risk (Danger)
53;184869;65204;9.1;17;532;High Risk (Danger);High Risk (Danger)
61;388733;19847;14.22;1;448;High Risk (Danger);High Risk (Danger)
48;334260;36155;6.55;10;414;High Risk (Danger);High Risk (Danger)
44;234245;161409;13.86;6;327;High Risk (Danger);High Risk (Danger)
42;192766;168492;12.33;22;543;High Risk (Danger);High Risk (Danger)
21;351368;86260;12.53;20;598;High Risk (Danger);High Risk (Danger)
46;289690;129273;13.52;4;546;High Risk (Danger);High Risk (Danger)
34;189649;182307;7.91;29;793;High Risk (Danger);High Risk (Danger)
29;58666;136945;6.51;27;551;High Risk (Danger);Low Risk (Safe)
52;379670;16570;6.23;9;436;High Risk (Danger);High Risk (Danger)
50;332100;19110;13.73;18;483;High Risk (Danger);High Risk (Danger)
63;144270;114061;9.38;17;810;High Risk (Danger);High Risk (Danger)
48;296726;20225;11.68;25;510;High Risk (Danger);High Risk (Danger)
64;364997;134398;7.65;8;412;High Risk (Danger);High Risk (Danger)
31;256524;156649;13.12;3;404;High Risk (Danger);Low Risk (Safe)
23;336586;183895;13.35;18;482;High Risk (Danger);Low Risk (Safe)
64;140397;183359;9.77;10;780;High Risk (Danger);Low Risk (Safe)
22;307009;168280;6.21;14;602;High Risk (Danger);High Risk (Danger)
23;472081;128516;7.65;10;770;High Risk (Danger);High Risk (Danger)
44;439088;136969;10.49;11;329;High Risk (Danger);High Risk (Danger)
31;266454;113896;5.74;8;794;High Risk (Danger);High Risk (Danger)
36;159575;149999;12.1;4;546;High Risk (Danger);High Risk (Danger)
36;342822;89973;6.81;5;410;High Risk (Danger);High Risk (Danger)
23;113230;119834;7.07;28;490;High Risk (Danger);High Risk (Danger)
46;212552;32612;12.99;11;634;High Risk (Danger);High Risk (Danger)
23;384402;16471;11.58;26;508;High Risk (Danger);High Risk (Danger)
60;84911;91889;8.08;11;728;High Risk (Danger);High Risk (Danger)
38;475037;152628;14.85;24;665;High Risk (Danger);High Risk (Danger)
27;116358;74106;9.99;1;706;High Risk (Danger);Low Risk (Safe)
36;460543;69182;11.41;6;516;High Risk (Danger);High Risk (Danger)
44;451921;67716;5.92;20;790;High Risk (Danger);High Risk (Danger)
44;310910;177450;13.26;3;636;High Risk (Danger);High Risk (Danger)
56;266586;172082;10.55;1;731;High Risk (Danger);Low Risk (Safe)
60;196430;124793;10.96;12;616;High Risk (Danger);Low Risk (Safe)
55;144914;118177;11.92;27;444;High Risk (Danger);High Risk (Danger)
38;182351;124014;12.43;29;463;High Risk (Danger);High Risk (Danger)
22;244269;185211;13.88;26;440;High Risk (Danger);High Risk (Danger)
28;52573;175140;9.34;6;757;High Risk (Danger);High Risk (Danger)
47;85367;150507;8.55;19;529;High Risk (Danger);High Risk (Danger)
53;367173;86153;13.94;9;472;High Risk (Danger);High Risk (Danger)
39;166739;137834;6.6;23;303;High Risk (Danger);High Risk (Danger)
49;386676;172982;14.92;22;501;High Risk (Danger);Low Risk (Safe)
26;394138;46041;13.29;9;511;High Risk (Danger);Low Risk (Safe)
55;368277;98920;12.1;29;305;High Risk (Danger);High Risk (Danger)
57;481459;91571;9.76;5;746;High Risk (Danger);High Risk (Danger)
43;178377;87231;6.14;13;753;High Risk (Danger);High Risk (Danger)
52;277595;198856;9.78;22;524;High Risk (Danger);High Risk (Danger)
22;386326;122418;6.44;17;550;High Risk (Danger);High Risk (Danger)
22;347881;104018;9.02;19;424;High Risk (Danger);Low Risk (Safe)
33;234074;180604;9.17;7;613;High Risk (Danger);High Risk (Danger)
28;61046;120944;10.55;22;415;High Risk (Danger);Low Risk (Safe)
48;316997;78008;14.73;29;513;High Risk (Danger);Low Risk (Safe)
42;255550;74315;6.44;19;353;High Risk (Danger);High Risk (Danger)
26;455328;135703;8.48;10;486;High Risk (Danger);High Risk (Danger)
57;226492;83794;6.74;18;790;High Risk (Danger);High Risk (Danger)
59;150424;199648;14.95;2;632;High Risk (Danger);High Risk (Danger)
52;218976;107543;11.27;15;371;High Risk (Danger);High Risk (Danger)
36;255738;52828;12.85;21;316;High Risk (Danger);High Risk (Danger)
50;422760;78910;10.56;7;764;High Risk (Danger);High Risk (Danger)
39;95186;10207;13.47;17;389;High Risk (Danger);High Risk (Danger)
57;136123;78619;12.24;5;699;High Risk (Danger);High Risk (Danger)
29;70581;161175;11.94;3;423;High Risk (Danger);High Risk (Danger)
32;138929;180963;7.73;7;680;High Risk (Danger);High Risk (Danger)
57;225695;129968;13.6;26;329;High Risk (Danger);Low Risk (Safe)
49;443554;86559;14.12;16;770;High Risk (Danger);High Risk (Danger)
57;307594;137810;10.37;19;349;High Risk (Danger);High Risk (Danger)
30;419040;100517;10.85;19;777;High Risk (Danger);Low Risk (Safe)
24;406601;108864;12.39;3;488;High Risk (Danger);High Risk (Danger)
36;189892;97468;9.71;14;480;High Risk (Danger);High Risk (Danger)
47;254615;83861;10.03;19;429;High Risk (Danger);High Risk (Danger)
44;276006;41750;6.06;2;615;High Risk (Danger);High Risk (Danger)
53;348206;122020;8.34;6;601;High Risk (Danger);High Risk (Danger)
49;364519;84520;10.51;18;647;High Risk (Danger);High Risk (Danger)
51;408587;128947;13.29;13;685;High Risk (Danger);Low Risk (Safe)
55;184055;172624;12.46;15;830;High Risk (Danger);High Risk (Danger)
31;163824;157992;14.4;23;395;High Risk (Danger);High Risk (Danger)
56;129273;187731;13.19;27;743;High Risk (Danger);High Risk (Danger)
59;457135;127407;10.98;28;582;High Risk (Danger);High Risk (Danger)
45;374060;190913;10.04;9;500;High Risk (Danger);High Risk (Danger)
33;453832;38141;6.95;20;685;High Risk (Danger);High Risk (Danger)
32;300195;51568;7.58;29;455;High Risk (Danger);High Risk (Danger)
25;74951;108723;9.81;26;753;High Risk (Danger);High Risk (Danger)
59;271165;106774;6.64;21;829;High Risk (Danger);High Risk (Danger)
55;261760;41174;7.01;10;422;High Risk (Danger);High Risk (Danger)
33;237710;70428;9.94;2;408;High Risk (Danger);High Risk (Danger)
60;178301;163812;8.73;12;671;High Risk (Danger);Low Risk (Safe)
62;438439;69353;14.43;10;505;High Risk (Danger);High Risk (Danger)
21;295596;194816;9.51;19;590;High Risk (Danger);Low Risk (Safe)
51;296584;114131;13.52;3;643;High Risk (Danger);High Risk (Danger)
59;306689;173856;9.16;7;663;High Risk (Danger);High Risk (Danger)
23;469901;174232;10.02;15;511;High Risk (Danger);Low Risk (Safe)
38;467090;166503;14.34;6;436;High Risk (Danger);Low Risk (Safe)
32;439159;177296;11.84;16;726;High Risk (Danger);High Risk (Danger)
30;354664;17788;13.32;6;574;High Risk (Danger);High Risk (Danger)
32;417739;93588;7.8;24;627;High Risk (Danger);High Risk (Danger)
48;381813;98340;13.46;29;351;High Risk (Danger);High Risk (Danger)
28;91873;58355;8.64;18;616;High Risk (Danger);Low Risk (Safe)
56;353899;169210;5.9;22;680;High Risk (Danger);Low Risk (Safe)
49;134082;52533;10.97;29;665;High Risk (Danger);High Risk (Danger)
26;182663;49279;8.99;10;737;High Risk (Danger);High Risk (Danger)
25;211633;164960;9.64;13;728;High Risk (Danger);High Risk (Danger)
22;299690;71063;8.75;3;839;High Risk (Danger);High Risk (Danger)
50;149616;176216;7.62;16;612;High Risk (Danger);High Risk (Danger)
30;92534;186072;12.39;5;740;High Risk (Danger);High Risk (Danger)
37;176209;48714;13.55;10;680;High Risk (Danger);High Risk (Danger)
21;141659;115432;10.51;29;815;High Risk (Danger);High Risk (Danger)
48;213038;74946;12.39;11;477;High Risk (Danger);High Risk (Danger)
54;308722;134447;14.34;23;591;High Risk (Danger);High Risk (Danger)
32;252053;189830;7.69;11;843;High Risk (Danger);Low Risk (Safe)
25;79257;191480;8.37;23;807;High Risk (Danger);High Risk (Danger)
43;313579;169116;14.64;5;486;High Risk (Danger);High Risk (Danger)
58;428097;199013;14.03;6;502;High Risk (Danger);High Risk (Danger)
38;308778;199784;6.8;14;407;High Risk (Danger);High Risk (Danger)
47;376032;103980;9.22;29;829;High Risk (Danger);High Risk (Danger)
53;298512;154129;11.55;23;754;High Risk (Danger);High Risk (Danger)
26;173786;18894;14.55;19;545;High Risk (Danger);High Risk (Danger)
31;143106;39725;8.44;15;570;High Risk (Danger);High Risk (Danger)
43;339226;146998;7.7;8;786;High Risk (Danger);High Risk (Danger)
31;487785;66447;14.62;22;558;High Risk (Danger);High Risk (Danger)
36;61745;111604;12.75;18;434;High Risk (Danger);High Risk (Danger)
24;435539;163728;12.95;14;663;High Risk (Danger);High Risk (Danger)
49;249950;105081;7.19;1;749;High Risk (Danger);High Risk (Danger)
21;298656;178972;14.57;28;523;High Risk (Danger);Low Risk (Safe)
46;410027;29033;11.54;13;564;High Risk (Danger);Low Risk (Safe)
34;103268;176923;5.81;5;715;High Risk (Danger);High Risk (Danger)
46;482430;36832;6.05;17;752;High Risk (Danger);High Risk (Danger)
46;471818;29873;11.41;4;779;High Risk (Danger);Low Risk (Safe)
27;466235;12023;8.6;7;435;High Risk (Danger);Low Risk (Safe)
37;397697;157159;8.31;19;412;High Risk (Danger);High Risk (Danger)
45;496841;75697;13.35;15;644;High Risk (Danger);High Risk (Danger)
30;196323;155298;12.4;14;793;High Risk (Danger);High Risk (Danger)
38;380904;120384;13.34;7;470;High Risk (Danger);High Risk (Danger)
39;84531;72539;10.69;29;614;High Risk (Danger);High Risk (Danger)
54;179749;67775;7.41;7;355;High Risk (Danger);High Risk (Danger)
26;317253;15469;7.43;12;454;High Risk (Danger);Low Risk (Safe)
60;243118;44051;6.69;8;417;High Risk (Danger);Low Risk (Safe)
51;202876;171326;7.59;24;474;High Risk (Danger);High Risk (Danger)
31;89499;176597;8.94;4;739;High Risk (Danger);High Risk (Danger)
25;295198;93369;10.82;5;738;High Risk (Danger);Low Risk (Safe)
56;226076;156150;5.99;5;839;High Risk (Danger);High Risk (Danger)
63;424899;15105;7.53;10;743;High Risk (Danger);High Risk (Danger)
30;279465;135736;10.72;28;364;High Risk (Danger);High Risk (Danger)
64;100861;154565;8.46;23;363;High Risk (Danger);High Risk (Danger)
35;285458;178553;10.81;22;434;High Risk (Danger);High Risk (Danger)
51;167832;175814;9.58;19;646;High Risk (Danger);Low Risk (Safe)
31;83320;191129;14.63;15;389;High Risk (Danger);High Risk (Danger)
42;456845;15347;8.51;9;836;High Risk (Danger);High Risk (Danger)
46;499662;148999;7.32;28;445;High Risk (Danger);Low Risk (Safe)
38;423706;143611;11.25;18;452;High Risk (Danger);High Risk (Danger)
